state,mean_return,variance,is_risk_on
0,1.4037829579300265e-05,1e-08,False
1,0.00022449273512796628,6.779308349427938e-07,True
2,0.0020603602910481277,1.3683680107413831e-05,True
